Video Title,Video ID,Description
How to Start Coding in 2023? Learn Programming for Beginners,KZR_UUcOyrg,Alpha 3.0 Placement Batch (Java+DSA) : https://www.apnacollege.in/course/alpha-batch-3 ...
"C Programming in One Shot | Part 1 | Variables, Operators and Input/ Output | C Complete Course",rQoqCP7LX60,"Lecture Notes - https://drive.google.com/file/d/1h-jkmy-fobkXRBr5XFCZXctneNx9EDtX/view?usp=share_link In this video, Raghav ..."
Python Tutorial - Python Full Course for Beginners in Tamil,m67-bOpOoPU,Python tutorial - Python full course for beginners in Tamil Master Python Programming in Just 10 Hours! Join this comprehensive ...
Programming Language Tier List,opRm3x9vHH0,These are the undeniable rankings for the best programming languages. Let me know if you want a part 2 Prepping for your ...
Top 3 Programming Languages üíª,AeNs18WuN_A,Checkout my English channel here: https://www.youtube.com/channel/UC7btqG2Ww0_2LwuQxpvo2HQ ‚ñªInstagram: ...
How to Set up Visual Studio Code for C and C++ Programming,9VE7p-he4fA,"In this video ill show you how to setup visual studio code for c/c++ programming on windows , we will first download and Install ..."
Loops in One Shot | C Programming | Lecture 3 | Complete C Course,wYvrBXUfFfw,"In this video, Raghav Sir will teach you LOOPS in DETAIL. This is Lecture 3 of the C Programming series. Topics covered are - For ..."
"Visual Studio Code Installation on M1 Mac, Windows &amp; Intel Mac | VS Code for Java, C &amp; C++",VvYhfj2g4Zo,"Facing issues with installing and using VSCode? We have been seeing your comments, and in this video, Raghav Sir will take ..."
STOP Learning These Programming Languages (for Beginners),RyRo8eVsrlU,Stop trying to learn every programming language. In this video I'm going to tell you which languages you should avoid (if you're ...
Introduction to C Language (Hindi) | What is C? full Explanation,C5GCFEMcIGQ,C Language Programs     https://youtube.com/playlist?list=PLqleLpAMfxGBlqX4UuFH45IUrj3V3tItX Content:- ...
If Else in 1 Video | C Programming | Lecture 2 | Complete C Course,7PSfRdeY5qE,"In this video, Raghav Sir will teach you IF ELSE statement in DETAIL. This is Lecture 2 of the C Programming series. Topics ..."
Interview Question | C Programming Language,W_pc29_PJYw,
c programming | c programming for beginners | c programming tutorial | c language | #shorts,tyxMSr7N50M,c programming | c programming for beginners | c programming tutorial | c language #shorts #youtubeshorts #youtube #trending ...
Stop Learning These Programming Languages (as a beginner),BkzPdgdxWBY,"""What programming languages should you learn?"" has been answered many times. ""What programming languages should you ..."
html tutorial for beginners in hindi  learn html for beginners html tutorial for beginners | #shorts,pon4OtNYKwg,"html tutorial for beginners in hindi learn html for beginners html tutorial for beginners html tags,html tags with examples,html all ..."
Pattern Printing in One Video | Lecture 4 | C Programming Series,clIcH1ALHMw,"In this video, Raghav Sir will teach you how to solve all the PATTERN PRINTING problems in DETAIL. This is Lecture 4 of the C ..."
"My 2 Year Journey of Learning C, in 9 minutes",lMvFWKHhVZ0,This is a short video about my journey from not understanding C in the least to being able to make a relatively large codebase.
Fresher Mock Interview &#39;C Language &#39; | Technical Round |  | HR Interview | &#39;C Language &#39;,xH3xMZt6Fho,If you are interested please get in touch with this number: 9912577247 (Madhavi HR ) Hello everyone this is magneq software we ...
Functions &amp; Pointers in One Shot | C Programming | Lecture 5 | Complete C Course,mIY3QVktHU8,"In this video, Raghav Sir will teach you about FUNCTIONS and POINTERS in DETAIL. This is Lecture 5 of the C Programming ..."
Arrays in One Shot | C Programming |¬†Lecture¬†7,aWKJ5lRgI3U,"In this video, Raghav Sir will teach you about 1D ARRAYS in DETAIL. This is Lecture 7 of the C Programming series. Topics ..."
"Difference between C, C++, &amp; JAVA programming language",Wy-Xn5ZhSm8,"Welcome to our YouTube Shorts video, where we explore the fundamental differences between three prominent programming ..."
Fastest Way to Learn ANY Programming Language,14BL_FwQCpM,"1. Top programming Languages. 2. How to learn coding? 3. How to learn Python, Javascript or Java? 3. How to become a ..."
C Language Full Course - Part 1 (Beginner to Advance) | 100+ Questions + Notes,i0ovgS-jCQ8,"Ultimate C Language Full Course, tailored for beginners and designed to take you from novice to advanced levels of ..."
How to install MinGW w64 on Windows 10/11 [2023 Update] MinGW GNU Compiler | C &amp; C++ Programming,FEeFG9OR-QU,Hello Everyone! Today in this video I am going to step by step guide you on How to download and install MinGW-w64 (Minimalist ...
Part 1 | Introduction To Programming | 3-Hour Coding Challenge,KvaG1dWgwLk,"Finally, part 1 of the 3-hour coding challenge, our new tutorial series is here. Get ready to learn coding in just 3 hours. Link to the ..."
Recursion in One Shot | C Programming | Lecture 6 | Complete C Course,Bd-1YM8taBc,"In this video, Raghav Sir will teach you about RECURSION in DETAIL. This is Lecture 6 of the C Programming series. Topics ..."
#48 Tree animation in C++ programming | graphics in C++ | 3D animation | #c_programming #shorts,k3IvCR4exEc,Tree animation in C++ programming | graphics in C++ | 3D animation | #c_programming #shorts #c_language #coding ...
C Programming 01 | Introduction to C Programming (Part 1) | CS &amp; IT | GATE Crash Course,hMLKVkJGV5Q,Check Our Computer Science & IT Parakram Batch: https://bit.ly/Parakram_CS Check Our Computer Science & IT Crash ...
c language complete unit 1 | pps | programming for problem solving | c language for btech,xf5ddWLSl9Y,00:37 - components of computer 04:54 - various types of memory(RAM & ROM) 07:06 - COMPUTER LANGUAGES 09:33 ...
2D Arrays in One Shot | C Programming | Lecture 8,sEiMDFdbPGo,"In this video, Raghav Sir will teach you about 2D ARRAYS in DETAIL. This is Lecture 8 of the C Programming series. Topics ..."
Structures in One Shot | Lecture 10 | C Programming Course,nDmULDo8D18,"In this video, Raghav Sir will teach you about STRUCTURES in DETAIL. This is Lecture 10 of the C Programming series. Topics ..."
Learn C in 60 Seconds,ht8TmhskNac,A supercharged introduction to the C programming language. Dave teaches you a cocktail-party level of C in under one minute.
Strings in One Shot | Lecture 9 | C Programming Course,8qKp63Ox3vQ,"In this video, Raghav Sir will teach you about STRINGS. This is Lecture 9 of the C Programming series. Topics covered are ..."
How to run C program in command prompt,bH-iN-DMAGc,Writing a hello world program in C language and compiling and executing it using Command Prompt (CMD) #cmd #howto #C ...
Top 40 C Programming Interview Questions | C Programming Interview Questions And Answers|Simplilearn,Wa9NuZ90UbI,Become A Full Stack Developer Today: https://taplink.cc/simplilearn_softwaredev This video by Simplilearn will explain to you on ...
Pointers in C for Absolute Beginners ‚Äì Full Course,MIL2BK02X8A,Finally understand pointers in C in this course for absolute beginners. Pointers are variables that store the memory address of ...
How to impress your friends using c || coding new tips and tricks #programming #question #new#skills,KpEVx-vX-KY,short #shorts #programming #python #codeworld #coding #dsa #algorithm #video Main channel ...
hsc ict chapter 5 || programming class part-1 || ‡¶¶‡ßÅ‡¶ü‡¶ø ‡¶∏‡¶Ç‡¶ñ‡ßç‡¶Ø‡¶æ‡¶∞ ‡¶Ø‡ßã‡¶ó‡¶´‡¶≤ ‡¶®‡¶ø‡¶∞‡ßç‡¶£‡ßü‡ßá‡¶∞ ‡¶™‡ßç‡¶∞‡ßã‡¶ó‡ßç‡¶∞‡¶æ‡¶Æ || program ||,7j8Ekk35BKk,hsc_ict_chapter_5 #programming #hsc_ict.
ICT ‡¶¨‡¶á‡ßü‡ßá‡¶∞ ‡ß´‡¶Æ ‡¶Ö‡¶ß‡ßç‡¶Ø‡¶æ‡ßü‡ßá‡¶∞ ‡¶™‡ßç‡¶∞‡¶•‡¶Æ ‡¶ï‡ßç‡¶≤‡¶æ‡¶∏ ‡¶™‡ßç‡¶∞‡ßã‡¶ó‡ßç‡¶∞‡¶æ‡¶Æ‡¶ø‡¶Ç ‡¶≠‡¶æ‡¶∑‡¶æ || hsc ict chapter 5 || programing language ||,0zUQ31WUF4g,In this video ICT book chapter 5 programming language is discussed. Chapter V is one of the chapters in the Higher Secondary ...
#45 Graphics circle program in c | graphics in c++ | #c_programming #c_language #shorts #for_loop,35CZ9U7QcnI,45 Graphics circle program in c | graphics in c++ | #c_programming #c_language #shorts #for_loop #coding ...
#42 C programming | switch case | #c_language #coding #teach_techno  #c_programming_for_beginners,iI8YZnrhtnc,C programming | switch case | #c_language #coding #teach_techno #c_programming_for_beginners Thanks for watching ...
How to install DEV C++ on Windows 10/11 [ 2023 Update ] Latest GCC Compiler for C and C++,KRDGl9cqPwA,Hello Everyone! Today in this video I am going to step-by-step guide you on How to install DEV C++ IDE for C and C++ ...
c programming tutorial | c programming tutorial for beginners in hindi | #coding #shorts,xuRnp3joCMc,c programming tutorial | c programming tutorial for beginners in hindi #shorts #youtubeshorts #youtube #trending #viral ...
Lec-01  Introduction To C-Programming | ‡§¨‡•Å‡§®‡§ø‡§Ø‡§æ‡§¶ ‡§¨‡•à‡§ö | For All Universities Exams | Anish Sir,idElg8PFvPw,"To get an Exam-like experience for GATE 2023, Unacademy is conducting Free All India Mock Test, starting from 4th of Dec."
I LOVE YOU program in c language | love coding ‚ù§Ô∏è #shorts #short #coding #shortsfeed #youtubeshorts,UMT5pKgarts,hello dosto mere chennal ko subscribe karke jana....   dream css...........smart boy..... i love you coding i love you love coding ...
Dev C++ coding|I Love You‚ù§‚ù§| programming| YouTube short üëå|,CtKQfZutdd4,Dev C++ coding|I Love You‚ù§‚ù§| programming| YouTube short | Thanks for all of you friends     plzz sapport.
How to run C++ program in command prompt,ycDWjinZPNU,Writing a hello world program in C++ language and compiling and executing it using Command Prompt (CMD) #cmd #howto ...
Part 1 | Introduction To Programming | C Programming Tamil Tutorial,KgitTXUeN7g,Register now for 100k Coding Challenge : https://brototype.com/ta/100k/?ref=youtube%20tamil Visit our website: ...
C Programming Important Questions Semester 2 CS3251 C Programming Anna University Examination,YnG7ubnB0uQ,
Lec-02  Introduction To C-Programming | ‡§¨‡•Å‡§®‡§ø‡§Ø‡§æ‡§¶ ‡§¨‡•à‡§ö | For All Universities Exams | Anish Sir,nXa9A-4VxgQ,"To get an Exam-like experience for GATE 2023, Unacademy is conducting Free All India Mock Test, starting from 4th of Dec."
